point_index,station_m_raw_direction,elevation_m,cad_x,cad_y,source_dxf,source_entity_handle,source_layer,source_label,geometry_source
0,0.000000000,28.194082684,-50013.012882408,61433.594826666,data/intermediate/dxf/original-fonts/01-赣江西支特大桥抗冲刷防护（水下不分散混凝土）.dxf,450505,细虚线,中地面线（建设期),cad_direct_construction_period_ground_line
1,0.349022393,28.224201965,-50012.663860015,61433.624945946,data/intermediate/dxf/original-fonts/01-赣江西支特大桥抗冲刷防护（水下不分散混凝土）.dxf,450505,细虚线,中地面线（建设期),cad_direct_construction_period_ground_line
2,10.704516961,28.224201965,-50002.308365447,61433.624945946,data/intermediate/dxf/original-fonts/01-赣江西支特大桥抗冲刷防护（水下不分散混凝土）.dxf,450505,细虚线,中地面线（建设期),cad_direct_construction_period_ground_line
3,22.072389592,22.213403577,-49990.940492816,61427.614147559,data/intermediate/dxf/original-fonts/01-赣江西支特大桥抗冲刷防护（水下不分散混凝土）.dxf,450505,细虚线,中地面线（建设期),cad_direct_construction_period_ground_line
4,75.086788749,13.865183740,-49937.926093660,61419.265927722,data/intermediate/dxf/original-fonts/01-赣江西支特大桥抗冲刷防护（水下不分散混凝土）.dxf,450505,细虚线,中地面线（建设期),cad_direct_construction_period_ground_line
5,100.500882378,6.816604361,-49912.512000030,61412.217348343,data/intermediate/dxf/original-fonts/01-赣江西支特大桥抗冲刷防护（水下不分散混凝土）.dxf,450505,细虚线,中地面线（建设期),cad_direct_construction_period_ground_line
6,104.847139248,5.540722778,-49908.165743160,61410.941466760,data/intermediate/dxf/original-fonts/01-赣江西支特大桥抗冲刷防护（水下不分散混凝土）.dxf,450505,细虚线,中地面线（建设期),cad_direct_construction_period_ground_line
7,127.283119322,4.270000000,-49885.729763086,61409.670743982,data/intermediate/dxf/original-fonts/01-赣江西支特大桥抗冲刷防护（水下不分散混凝土）.dxf,450505,细虚线,中地面线（建设期),cad_direct_construction_period_ground_line
8,129.328174428,4.270000000,-49883.684707980,61409.670743982,data/intermediate/dxf/original-fonts/01-赣江西支特大桥抗冲刷防护（水下不分散混凝土）.dxf,450505,细虚线,中地面线（建设期),cad_direct_construction_period_ground_line
9,163.823361516,1.777735281,-49849.189520893,61407.178479262,data/intermediate/dxf/original-fonts/01-赣江西支特大桥抗冲刷防护（水下不分散混凝土）.dxf,450505,细虚线,中地面线（建设期),cad_direct_construction_period_ground_line
10,237.245066966,5.400000000,-49775.767815442,61410.800743982,data/intermediate/dxf/original-fonts/01-赣江西支特大桥抗冲刷防护（水下不分散混凝土）.dxf,450505,细虚线,中地面线（建设期),cad_direct_construction_period_ground_line
11,237.283119322,5.400000000,-49775.729763086,61410.800743982,data/intermediate/dxf/original-fonts/01-赣江西支特大桥抗冲刷防护（水下不分散混凝土）.dxf,450505,细虚线,中地面线（建设期),cad_direct_construction_period_ground_line
12,248.101942907,5.809284175,-49764.910939501,61411.210028157,data/intermediate/dxf/original-fonts/01-赣江西支特大桥抗冲刷防护（水下不分散混凝土）.dxf,450505,细虚线,中地面线（建设期),cad_direct_construction_period_ground_line
13,305.811462243,3.790781199,-49707.201420165,61409.191525180,data/intermediate/dxf/original-fonts/01-赣江西支特大桥抗冲刷防护（水下不分散混凝土）.dxf,450505,细虚线,中地面线（建设期),cad_direct_construction_period_ground_line
14,320.021013341,4.775622636,-49692.991869067,61410.176366618,data/intermediate/dxf/original-fonts/01-赣江西支特大桥抗冲刷防护（水下不分散混凝土）.dxf,450505,细虚线,中地面线（建设期),cad_direct_construction_period_ground_line
15,328.542439902,8.852408247,-49684.470442506,61414.253152229,data/intermediate/dxf/original-fonts/01-赣江西支特大桥抗冲刷防护（水下不分散混凝土）.dxf,450505,细虚线,中地面线（建设期),cad_direct_construction_period_ground_line
16,347.246584360,9.560000000,-49665.766298049,61414.960743982,data/intermediate/dxf/original-fonts/01-赣江西支特大桥抗冲刷防护（水下不分散混凝土）.dxf,450505,细虚线,中地面线（建设期),cad_direct_construction_period_ground_line
17,373.839088350,10.422142092,-49639.173794058,61415.822886074,data/intermediate/dxf/original-fonts/01-赣江西支特大桥抗冲刷防护（水下不分散混凝土）.dxf,450505,细虚线,中地面线（建设期),cad_direct_construction_period_ground_line
18,400.104638533,16.988392733,-49612.908243876,61422.389136715,data/intermediate/dxf/original-fonts/01-赣江西支特大桥抗冲刷防护（水下不分散混凝土）.dxf,450505,细虚线,中地面线（建设期),cad_direct_construction_period_ground_line
19,417.157141321,17.107559594,-49595.855741087,61422.508303575,data/intermediate/dxf/original-fonts/01-赣江西支特大桥抗冲刷防护（水下不分散混凝土）.dxf,450505,细虚线,中地面线（建设期),cad_direct_construction_period_ground_line
20,457.283119322,16.490000000,-49555.729763086,61421.890743982,data/intermediate/dxf/original-fonts/01-赣江西支特大桥抗冲刷防护（水下不分散混凝土）.dxf,450505,细虚线,中地面线（建设期),cad_direct_construction_period_ground_line
21,490.082856752,18.194348172,-49522.930025656,61423.595092154,data/intermediate/dxf/original-fonts/01-赣江西支特大桥抗冲刷防护（水下不分散混凝土）.dxf,450505,细虚线,中地面线（建设期),cad_direct_construction_period_ground_line
22,496.535412566,18.127477216,-49516.477469842,61423.528221198,data/intermediate/dxf/original-fonts/01-赣江西支特大桥抗冲刷防护（水下不分散混凝土）.dxf,450505,细虚线,中地面线（建设期),cad_direct_construction_period_ground_line
23,497.983119322,18.431720832,-49515.029763086,61423.832464814,data/intermediate/dxf/original-fonts/01-赣江西支特大桥抗冲刷防护（水下不分散混凝土）.dxf,450505,细虚线,中地面线（建设期),cad_direct_construction_period_ground_line
24,498.778532834,18.712605162,-49514.234349574,61424.113349144,data/intermediate/dxf/original-fonts/01-赣江西支特大桥抗冲刷防护（水下不分散混凝土）.dxf,450505,细虚线,中地面线（建设期),cad_direct_construction_period_ground_line
25,506.976690869,21.837562595,-49506.036191540,61427.238306577,data/intermediate/dxf/original-fonts/01-赣江西支特大桥抗冲刷防护（水下不分散混凝土）.dxf,450505,细虚线,中地面线（建设期),cad_direct_construction_period_ground_line
26,517.923323053,21.837562595,-49495.089559355,61427.238306577,data/intermediate/dxf/original-fonts/01-赣江西支特大桥抗冲刷防护（水下不分散混凝土）.dxf,450505,细虚线,中地面线（建设期),cad_direct_construction_period_ground_line
27,531.643604399,20.188020788,-49481.369278009,61425.588764770,data/intermediate/dxf/original-fonts/01-赣江西支特大桥抗冲刷防护（水下不分散混凝土）.dxf,450505,细虚线,中地面线（建设期),cad_direct_construction_period_ground_line
