point_index,station_m_raw_direction,elevation_m,current_elevation_m,raise_m,modified,variant,geometry_source
0,0.000000000,27.980000000,27.980000000,0.000000000,0,center,constraint_reconstruction
1,16.920190665,28.020000000,28.020000000,0.000000000,0,center,constraint_reconstruction
2,28.463996293,17.900000000,17.900000000,0.000000000,0,center,constraint_reconstruction
3,58.113971916,16.400000000,16.400000000,0.000000000,0,center,constraint_reconstruction
4,76.054744311,11.200000000,11.200000000,0.000000000,0,center,constraint_reconstruction
5,78.000000000,11.579555480,10.914963685,0.664591795,1,center,constraint_reconstruction
6,80.000000000,11.987887007,10.621905742,1.365981265,1,center,constraint_reconstruction
7,82.000000000,12.338679168,10.328847799,2.009831369,1,center,constraint_reconstruction
8,84.000000000,12.592034547,10.035789856,2.556244691,1,center,constraint_reconstruction
9,86.000000000,12.733741576,9.742731913,2.991009663,1,center,constraint_reconstruction
10,87.247070197,12.766971005,9.560000000,3.206971005,1,center,constraint_reconstruction
11,88.000000000,12.610834827,9.292704741,3.318130086,1,center,constraint_reconstruction
12,89.247031447,12.322043372,8.850000000,3.472043372,1,center,constraint_reconstruction
13,90.000000000,12.217950970,8.669269948,3.548681022,1,center,constraint_reconstruction
14,91.246836687,12.020670478,8.370000000,3.650670478,1,center,constraint_reconstruction
15,92.000000000,11.975211162,8.275852762,3.699358400,1,center,constraint_reconstruction
16,93.246797937,11.880668059,8.120000000,3.760668059,1,center,constraint_reconstruction
17,94.000000000,11.780025225,7.991953168,3.788072056,1,center,constraint_reconstruction
18,95.246759187,11.599369599,7.780000000,3.819369599,1,center,constraint_reconstruction
19,96.000000000,11.479681994,7.648180304,3.831501691,1,center,constraint_reconstruction
20,97.246720436,11.271894467,7.430000000,3.841894467,1,center,constraint_reconstruction
21,98.000000000,11.209635877,7.365989989,3.843645887,1,center,constraint_reconstruction
22,99.247306350,11.100159541,7.260000000,3.840159541,1,center,constraint_reconstruction
23,100.000000000,11.046174520,7.211073965,3.835100555,1,center,constraint_reconstruction
24,101.247267600,10.952507096,7.130000000,3.822507096,1,center,constraint_reconstruction
25,102.000000000,10.833697553,7.020851687,3.812845866,1,center,constraint_reconstruction
26,103.247228850,10.633708295,6.840000000,3.793708295,1,center,constraint_reconstruction
27,104.000000000,10.420802503,6.640433856,3.780368647,1,center,constraint_reconstruction
28,105.246409182,10.065252602,6.310000000,3.755252602,1,center,constraint_reconstruction
29,106.000000000,9.935760182,6.197747853,3.738012329,1,center,constraint_reconstruction
30,107.246995096,9.717728212,6.012000000,3.705728212,1,center,constraint_reconstruction
31,108.000000000,9.646926404,5.963430243,3.683496162,1,center,constraint_reconstruction
32,109.246956346,9.524593305,5.883000000,3.641593305,1,center,constraint_reconstruction
33,110.000000000,9.311474129,5.698877259,3.612596870,1,center,constraint_reconstruction
34,111.246917595,8.951828196,5.394000000,3.557828196,1,center,constraint_reconstruction
35,112.000000000,8.744958907,5.224929724,3.520029183,1,center,constraint_reconstruction
36,113.246878845,8.394041317,4.945000000,3.449041317,1,center,constraint_reconstruction
37,114.000000000,8.176563948,4.775973818,3.400590130,1,center,constraint_reconstruction
38,115.247464759,7.806758000,4.496000000,3.310758000,1,center,constraint_reconstruction
39,116.000000000,7.577636660,4.326986571,3.250650089,1,center,constraint_reconstruction
40,117.246645091,7.188423758,4.047000000,3.141423758,1,center,constraint_reconstruction
41,118.000000000,7.025535894,3.955465605,3.070070289,1,center,constraint_reconstruction
42,119.246606341,6.748083216,3.804000000,2.944083216,1,center,constraint_reconstruction
43,120.000000000,6.764285793,3.899682849,2.864602945,1,center,constraint_reconstruction
44,121.246567590,6.787644471,4.058000000,2.729644471,1,center,constraint_reconstruction
45,122.000000000,6.496623389,3.847853921,2.648769467,1,center,constraint_reconstruction
46,123.247153504,6.019662058,3.500000000,2.519662058,1,center,constraint_reconstruction
47,124.000000000,5.580217796,3.131098070,2.449119726,1,center,constraint_reconstruction
48,125.247114754,4.870058123,2.520000000,2.350058123,1,center,constraint_reconstruction
49,126.000000000,4.628120352,2.320481544,2.307638808,1,center,constraint_reconstruction
50,127.247076004,4.263999731,1.990000000,2.273999731,1,center,constraint_reconstruction
51,127.291583188,4.270000000,1.996010933,2.273989067,1,center,constraint_reconstruction
52,128.000000000,4.376671143,2.091686414,2.284984729,1,center,constraint_reconstruction
53,129.246256336,4.606585097,2.260000000,2.346585097,1,center,constraint_reconstruction
54,130.000000000,4.686567011,2.284866256,2.401700755,1,center,constraint_reconstruction
55,131.246842250,4.841320549,2.326000000,2.515320549,1,center,constraint_reconstruction
56,132.000000000,4.765410905,2.173859187,2.591551718,1,center,constraint_reconstruction
57,133.246803500,4.647403161,1.922000000,2.725403161,1,center,constraint_reconstruction
58,134.000000000,4.576776794,1.769851359,2.806925435,1,center,constraint_reconstruction
59,135.246764749,4.457838643,1.518000000,2.939838643,1,center,constraint_reconstruction
60,136.000000000,4.356023456,1.339479787,3.016543669,1,center,constraint_reconstruction
61,137.246725999,4.179819439,1.044000000,3.135819439,1,center,constraint_reconstruction
62,138.000000000,4.284854270,1.082782250,3.202072020,1,center,constraint_reconstruction
63,139.247311913,4.448424642,1.147000000,3.301424642,1,center,constraint_reconstruction
64,140.000000000,4.452122141,1.097321624,3.354800517,1,center,constraint_reconstruction
65,141.247273163,4.447309995,1.015000000,3.432309995,1,center,constraint_reconstruction
66,142.000000000,4.479783827,1.007093128,3.472690700,1,center,constraint_reconstruction
67,143.246453495,4.523347858,0.994000000,3.529347858,1,center,constraint_reconstruction
68,144.000000000,4.543650006,0.985713416,3.557936589,1,center,constraint_reconstruction
69,145.247039409,4.568465258,0.972000000,3.596465258,1,center,constraint_reconstruction
70,146.000000000,4.579166904,0.964093761,3.615073143,1,center,constraint_reconstruction
71,147.247000659,4.589843256,0.951000000,3.638843256,1,center,constraint_reconstruction
72,148.000000000,4.592698217,0.943093354,3.649604863,1,center,constraint_reconstruction
73,149.246961908,4.592119110,0.930000000,3.662119110,1,center,constraint_reconstruction
74,150.000000000,4.589173441,0.922092947,3.667080494,1,center,constraint_reconstruction
75,151.246923158,4.580562255,0.909000000,3.671562255,1,center,constraint_reconstruction
76,152.000000000,4.573625257,0.901095009,3.672530248,1,center,constraint_reconstruction
77,153.247509072,4.559716194,0.888000000,3.671716194,1,center,constraint_reconstruction
78,154.000000000,4.550272186,0.880095606,3.670176580,1,center,constraint_reconstruction
79,155.246689404,4.533245130,0.867000000,3.666245130,1,center,constraint_reconstruction
80,156.000000000,4.522429764,0.859090085,3.663339679,1,center,constraint_reconstruction
81,157.246650654,4.503911381,0.846000000,3.657911381,1,center,constraint_reconstruction
82,158.000000000,4.492557626,0.838089679,3.654467947,1,center,constraint_reconstruction
83,159.246611903,4.473671447,0.825000000,3.648671447,1,center,constraint_reconstruction
84,160.000000000,4.421664147,0.776420699,3.645243447,1,center,constraint_reconstruction
85,161.247197817,4.335796176,0.696000000,3.639796176,1,center,constraint_reconstruction
86,162.000000000,4.315782117,0.679061623,3.636720494,1,center,constraint_reconstruction
87,163.247159067,4.283028508,0.651000000,3.632028508,1,center,constraint_reconstruction
88,164.000000000,4.265790696,0.636319317,3.629471379,1,center,constraint_reconstruction
89,165.247120317,4.237706981,0.612000000,3.625706981,1,center,constraint_reconstruction
90,166.000000000,4.255681050,0.631959492,3.623721559,1,center,constraint_reconstruction
91,167.246300649,4.285902582,0.665000000,3.620902582,1,center,constraint_reconstruction
92,168.000000000,4.274293302,0.654828039,3.619465263,1,center,constraint_reconstruction
93,169.246886563,4.255509172,0.638000000,3.617509172,1,center,constraint_reconstruction
94,170.000000000,4.247026247,0.630468720,3.616557527,1,center,constraint_reconstruction
95,171.246847813,4.233335473,0.618000000,3.615335473,1,center,constraint_reconstruction
96,172.000000000,4.246716121,0.631933585,3.614782535,1,center,constraint_reconstruction
97,173.246809062,4.269145406,0.655000000,3.614145406,1,center,constraint_reconstruction
98,174.000000000,4.269277178,0.655376603,3.613900575,1,center,constraint_reconstruction
99,175.246770312,4.269700096,0.656000000,3.613700096,1,center,constraint_reconstruction
100,176.000000000,4.270429891,0.656753009,3.613676882,1,center,constraint_reconstruction
101,177.247356226,4.271776181,0.658000000,3.613776181,1,center,constraint_reconstruction
102,178.000000000,4.272272531,0.658376329,3.613896202,1,center,constraint_reconstruction
103,179.247317476,4.273173064,0.659000000,3.614173064,1,center,constraint_reconstruction
104,180.000000000,4.273743244,0.659376496,3.614366749,1,center,constraint_reconstruction
105,181.246497808,4.274712115,0.660000000,3.614712115,1,center,constraint_reconstruction
106,182.000000000,4.262484046,0.647566973,3.614917073,1,center,constraint_reconstruction
107,183.246459057,4.242231568,0.627000000,3.615231568,1,center,constraint_reconstruction
108,184.000000000,4.230335747,0.614946876,3.615388871,1,center,constraint_reconstruction
109,185.247044971,4.210576832,0.595000000,3.615576832,1,center,constraint_reconstruction
110,186.000000000,4.201592820,0.585964365,3.615628455,1,center,constraint_reconstruction
111,187.247006221,4.186592947,0.571000000,3.615592947,1,center,constraint_reconstruction
112,188.000000000,4.177443387,0.561963900,3.615479487,1,center,constraint_reconstruction
113,189.246967471,4.162119893,0.547000000,3.615119893,1,center,constraint_reconstruction
114,190.000000000,4.152745712,0.537966256,3.614779456,1,center,constraint_reconstruction
115,191.247553385,4.136991620,0.523000000,3.613991620,1,center,constraint_reconstruction
116,192.000000000,4.127329303,0.513966939,3.613362364,1,center,constraint_reconstruction
117,193.246733717,4.111046584,0.499000000,3.612046584,1,center,constraint_reconstruction
118,194.000000000,4.101030845,0.489960629,3.611070215,1,center,constraint_reconstruction
119,195.246694966,4.084140764,0.475000000,3.609140764,1,center,constraint_reconstruction
120,196.000000000,4.076372812,0.468596783,3.607776029,1,center,constraint_reconstruction
121,197.246656216,4.063184631,0.458000000,3.605184631,1,center,constraint_reconstruction
122,198.000000000,3.945439762,0.342019035,3.603420728,1,center,constraint_reconstruction
123,199.247242130,3.750185210,0.150000000,3.600185210,1,center,constraint_reconstruction
124,200.000000000,3.593747603,-0.004318353,3.598065956,1,center,constraint_reconstruction
125,201.247203380,3.334316592,-0.260000000,3.594316592,1,center,constraint_reconstruction
126,202.000000000,3.109884359,-0.482079306,3.591963664,1,center,constraint_reconstruction
127,203.247164630,2.737990135,-0.850000000,3.587990135,1,center,constraint_reconstruction
128,204.000000000,2.596309664,-0.989331646,3.585641311,1,center,constraint_reconstruction
129,205.246344961,2.361955761,-1.220000000,3.581955761,1,center,constraint_reconstruction
130,206.000000000,2.138112160,-1.441886406,3.579998565,1,center,constraint_reconstruction
131,207.246930876,1.768389550,-1.809000000,3.577389550,1,center,constraint_reconstruction
132,208.000000000,1.846103841,-1.730302752,3.576406593,1,center,constraint_reconstruction
133,209.246892125,1.976008787,-1.600000000,3.576008787,1,center,constraint_reconstruction
134,210.000000000,2.082233194,-1.494562855,3.576796049,1,center,constraint_reconstruction
135,211.246853375,2.260122167,-1.320000000,3.580122167,1,center,constraint_reconstruction
136,212.000000000,2.591335866,-0.992374870,3.583710737,1,center,constraint_reconstruction
137,213.246814624,3.142656799,-0.450000000,3.592656799,1,center,constraint_reconstruction
138,214.000000000,3.364891614,-0.235405035,3.600296649,1,center,constraint_reconstruction
139,215.247400539,3.737094858,0.120000000,3.617094858,1,center,constraint_reconstruction
140,216.000000000,3.832972813,0.202787545,3.630185268,1,center,constraint_reconstruction
141,217.247361788,3.997233071,0.340000000,3.657233071,1,center,constraint_reconstruction
142,218.000000000,4.036045481,0.358823670,3.677221811,1,center,constraint_reconstruction
143,219.246542120,4.106800646,0.390000000,3.716800646,1,center,constraint_reconstruction
144,220.000000000,4.142514211,0.397534725,3.744979486,1,center,constraint_reconstruction
145,221.246503370,4.208884964,0.410000000,3.798884964,1,center,constraint_reconstruction
146,222.000000000,4.453903873,0.617904163,3.835999710,1,center,constraint_reconstruction
147,223.247089284,4.866877991,0.962000000,3.904877991,1,center,constraint_reconstruction
148,224.000000000,4.906303898,0.955600135,3.950703763,1,center,constraint_reconstruction
149,225.247050534,4.978103121,0.945000000,4.033103121,1,center,constraint_reconstruction
150,226.000000000,4.949238904,0.863303400,4.085935504,1,center,constraint_reconstruction
151,227.247011783,4.905302582,0.728000000,4.177302582,1,center,constraint_reconstruction
152,228.000000000,4.970920808,0.737789036,4.233131772,1,center,constraint_reconstruction
153,229.246973033,5.078472869,0.754000000,4.324472869,1,center,constraint_reconstruction
154,230.000000000,5.117371977,0.741197295,4.376174682,1,center,constraint_reconstruction
155,231.246778274,5.172602541,0.720000000,4.452602541,1,center,constraint_reconstruction
156,232.000000000,5.340129460,0.851063120,4.489066341,1,center,constraint_reconstruction
157,233.246739523,5.596399561,1.068000000,4.528399561,1,center,constraint_reconstruction
158,233.855335041,5.400000000,0.866246677,4.533753323,1,center,constraint_reconstruction
159,234.000000000,5.351747008,0.818289314,4.533457694,1,center,constraint_reconstruction
160,235.246700773,4.911850512,0.405000000,4.506850512,1,center,constraint_reconstruction
161,236.000000000,5.300262682,0.824219142,4.476043540,1,center,constraint_reconstruction
162,237.246662023,5.924012403,1.518000000,4.406012403,1,center,constraint_reconstruction
163,238.000000000,5.910100947,1.553396515,4.356704432,1,center,constraint_reconstruction
164,239.247247937,5.879274990,1.612000000,4.267274990,1,center,constraint_reconstruction
165,240.000000000,5.838735393,1.627055333,4.211680060,1,center,constraint_reconstruction
166,241.247209186,5.771348598,1.652000000,4.119348598,1,center,constraint_reconstruction
167,242.000000000,5.791199904,1.725803747,4.065396157,1,center,constraint_reconstruction
168,243.246389518,5.828442302,1.848000000,3.980442302,1,center,constraint_reconstruction
169,244.000000000,5.753990363,1.821254663,3.932735700,1,center,constraint_reconstruction
170,245.246975432,5.637524732,1.777000000,3.860524732,1,center,constraint_reconstruction
171,246.000000000,5.545638380,1.724287259,3.821351121,1,center,constraint_reconstruction
172,247.246936682,5.400965527,1.637000000,3.763965527,1,center,constraint_reconstruction
173,248.000000000,5.351571678,1.617796513,3.733775165,1,center,constraint_reconstruction
174,249.246897932,5.276990455,1.586000000,3.690990455,1,center,constraint_reconstruction
175,250.000000000,5.235615874,1.566418967,3.669196907,1,center,constraint_reconstruction
176,251.246859181,5.173441569,1.534000000,3.639441569,1,center,constraint_reconstruction
177,252.000000000,5.139665415,1.514800534,3.624864881,1,center,constraint_reconstruction
178,253.247445095,5.088900136,1.483000000,3.605900136,1,center,constraint_reconstruction
179,254.000000000,5.060935175,1.463809478,3.597125697,1,center,constraint_reconstruction
180,255.247406345,5.018553284,1.432000000,3.586553284,1,center,constraint_reconstruction
181,256.000000000,4.994940775,1.412800993,3.582139782,1,center,constraint_reconstruction
182,257.246586677,4.958679095,1.381000000,3.577679095,1,center,constraint_reconstruction
183,258.000000000,4.946031332,1.369698581,3.576332750,1,center,constraint_reconstruction
184,259.246547927,4.926999915,1.351000000,3.575999915,1,center,constraint_reconstruction
185,260.000000000,4.871526538,1.294884260,3.576642278,1,center,constraint_reconstruction
186,261.247133841,4.780837083,1.202000000,3.578837083,1,center,constraint_reconstruction
187,262.000000000,4.688506220,1.107889907,3.580616314,1,center,constraint_reconstruction
188,263.247095091,4.536121555,0.952000000,3.584121555,1,center,constraint_reconstruction
189,264.000000000,4.446556468,0.860143821,3.586412646,1,center,constraint_reconstruction
190,265.247056340,4.298364272,0.708000000,3.590364272,1,center,constraint_reconstruction
191,266.000000000,4.215654773,0.622915718,3.592739055,1,center,constraint_reconstruction
192,267.247017590,4.078571247,0.482000000,3.596571247,1,center,constraint_reconstruction
193,268.000000000,4.097706646,0.498943754,3.598762891,1,center,constraint_reconstruction
194,269.246822830,4.129145463,0.527000000,3.602145463,1,center,constraint_reconstruction
195,270.000000000,4.069626284,0.465614871,3.604011412,1,center,constraint_reconstruction
196,271.246784080,3.970790377,0.364000000,3.606790377,1,center,constraint_reconstruction
197,272.000000000,3.983951364,0.375675073,3.608276291,1,center,constraint_reconstruction
198,273.246745330,4.005418637,0.395000000,3.610418637,1,center,constraint_reconstruction
199,274.000000000,4.024985113,0.413455097,3.611530016,1,center,constraint_reconstruction
200,275.246706579,4.057079761,0.444000000,3.613079761,1,center,constraint_reconstruction
201,276.000000000,4.073672236,0.459814529,3.613857707,1,center,constraint_reconstruction
202,277.247292494,4.100901974,0.486000000,3.614901974,1,center,constraint_reconstruction
203,278.000000000,4.117212047,0.501807164,3.615404883,1,center,constraint_reconstruction
204,279.247253743,4.144047420,0.528000000,3.616047420,1,center,constraint_reconstruction
205,280.000000000,4.160154121,0.543814153,3.616339968,1,center,constraint_reconstruction
206,281.246434075,4.186685842,0.570000000,3.616685842,1,center,constraint_reconstruction
207,282.000000000,4.205291928,0.588462723,3.616829205,1,center,constraint_reconstruction
208,283.246395325,4.235974237,0.619000000,3.616974237,1,center,constraint_reconstruction
209,284.000000000,4.246945430,0.629924068,3.617021363,1,center,constraint_reconstruction
210,285.246981239,4.265045657,0.648000000,3.617045657,1,center,constraint_reconstruction
211,286.000000000,4.262780548,0.645740900,3.617039648,1,center,constraint_reconstruction
212,287.246942489,4.259005446,0.642000000,3.617005446,1,center,constraint_reconstruction
213,288.000000000,4.256719191,0.639740784,3.616978407,1,center,constraint_reconstruction
214,289.246903738,4.252929629,0.636000000,3.616929630,1,center,constraint_reconstruction
215,290.000000000,4.251019863,0.634117223,3.616902640,1,center,constraint_reconstruction
216,291.246864988,4.247865309,0.631000000,3.616865309,1,center,constraint_reconstruction
217,292.000000000,4.245590121,0.628741257,3.616848865,1,center,constraint_reconstruction
218,293.247450902,4.241831834,0.625000000,3.616831834,1,center,constraint_reconstruction
219,294.000000000,4.239567686,0.622741427,3.616826259,1,center,constraint_reconstruction
220,295.246631234,4.235821816,0.619000000,3.616821816,1,center,constraint_reconstruction
221,296.000000000,4.233557355,0.616739850,3.616817506,1,center,constraint_reconstruction
222,297.246592484,4.229801633,0.613000000,3.616801633,1,center,constraint_reconstruction
223,298.000000000,4.243713142,0.626933957,3.616779185,1,center,constraint_reconstruction
224,299.247178398,4.266711655,0.650000000,3.616711655,1,center,constraint_reconstruction
225,300.000000000,4.279440217,0.662798215,3.616642002,1,center,constraint_reconstruction
226,301.247139648,4.300466770,0.684000000,3.616466770,1,center,constraint_reconstruction
227,302.000000000,4.321768453,0.705456936,3.616311518,1,center,constraint_reconstruction
228,303.247100897,4.356957867,0.741000000,3.615957867,1,center,constraint_reconstruction
229,304.000000000,4.372481719,0.756811188,3.615670532,1,center,constraint_reconstruction
230,305.247062147,4.398056024,0.783000000,3.615056024,1,center,constraint_reconstruction
231,306.000000000,4.380265331,0.765680743,3.614584588,1,center,constraint_reconstruction
232,307.246867387,4.350621011,0.737000000,3.613621011,1,center,constraint_reconstruction
233,308.000000000,4.352171923,0.739259442,3.612912482,1,center,constraint_reconstruction
234,309.246828637,4.354515501,0.743000000,3.611515501,1,center,constraint_reconstruction
235,310.000000000,4.339966557,0.729442653,3.610523904,1,center,constraint_reconstruction
236,311.246789886,4.315628937,0.707000000,3.608628937,1,center,constraint_reconstruction
237,312.000000000,4.307924030,0.700597590,3.607326440,1,center,constraint_reconstruction
238,313.246751136,4.294911037,0.690000000,3.604911037,1,center,constraint_reconstruction
239,314.000000000,4.288032764,0.684728802,3.603303962,1,center,constraint_reconstruction
240,315.247337050,4.276416644,0.676000000,3.600416644,1,center,constraint_reconstruction
241,316.000000000,4.293761091,0.695193277,3.598567814,1,center,constraint_reconstruction
242,317.247298300,4.322371042,0.727000000,3.595371042,1,center,constraint_reconstruction
243,318.000000000,4.364095579,0.770674598,3.593420982,1,center,constraint_reconstruction
244,319.246478632,4.433234873,0.843000000,3.590234873,1,center,constraint_reconstruction
245,320.000000000,4.459314156,0.870880831,3.588433325,1,center,constraint_reconstruction
246,321.246439882,4.502781090,0.917000000,3.585781090,1,center,constraint_reconstruction
247,322.000000000,4.506796163,0.922273376,3.584522787,1,center,constraint_reconstruction
248,323.247025796,4.514186579,0.931000000,3.583186579,1,center,constraint_reconstruction
249,324.000000000,4.585943918,1.002910430,3.583033488,1,center,constraint_reconstruction
250,325.246987045,4.706095975,1.122000000,3.584095975,1,center,constraint_reconstruction
251,326.000000000,4.798912247,1.213116333,3.585795914,1,center,constraint_reconstruction
252,327.246948295,4.954656251,1.364000000,3.590656251,1,center,constraint_reconstruction
253,328.000000000,5.025040458,1.429893301,3.595147157,1,center,constraint_reconstruction
254,329.246909545,5.144502551,1.539000000,3.605502551,1,center,constraint_reconstruction
255,330.000000000,5.335076885,1.721194515,3.613882370,1,center,constraint_reconstruction
256,331.247495459,5.654657211,2.023000000,3.631657211,1,center,constraint_reconstruction
257,332.000000000,5.850280532,2.205180763,3.645099770,1,center,constraint_reconstruction
258,333.246675791,6.179232094,2.507000000,3.672232094,1,center,constraint_reconstruction
259,334.000000000,6.334119885,2.642224316,3.691895570,1,center,constraint_reconstruction
260,335.246637040,6.596119701,2.866000000,3.730119701,1,center,constraint_reconstruction
261,336.000000000,6.703092494,2.946234710,3.756857784,1,center,constraint_reconstruction
262,337.246598290,6.886217987,3.079000000,3.807217987,1,center,constraint_reconstruction
263,338.000000000,7.076221683,3.234908479,3.841313203,1,center,constraint_reconstruction
264,339.247184204,7.396595911,3.493000000,3.903595911,1,center,constraint_reconstruction
265,340.000000000,7.787727911,3.843442543,3.944285368,1,center,constraint_reconstruction
266,341.247145454,8.440119355,4.424000000,4.016119355,1,center,constraint_reconstruction
267,342.000000000,8.595440297,4.534295328,4.061144969,1,center,constraint_reconstruction
268,343.247106703,8.854097223,4.717000000,4.137097223,1,center,constraint_reconstruction
269,344.000000000,8.998770165,4.816799263,4.181970902,1,center,constraint_reconstruction
270,345.246287036,9.234338183,4.982000000,4.252338183,1,center,constraint_reconstruction
271,346.000000000,9.317661109,5.027963026,4.289698083,1,center,constraint_reconstruction
272,347.246872950,9.443475436,5.104000000,4.339475436,1,center,constraint_reconstruction
273,348.000000000,9.504019170,5.145799361,4.358219809,1,center,constraint_reconstruction
274,348.858419066,9.560000000,5.193442542,4.366557458,1,center,constraint_reconstruction
275,349.246834199,9.579595991,5.215000000,4.364595991,1,center,constraint_reconstruction
276,350.000000000,9.606893621,5.255295151,4.351598470,1,center,constraint_reconstruction
277,351.246795449,9.630561718,5.322000000,4.308561718,1,center,constraint_reconstruction
278,352.000000000,9.714232513,5.440218482,4.274014031,1,center,constraint_reconstruction
279,353.247381363,9.842442288,5.636000000,4.206442288,1,center,constraint_reconstruction
280,354.000000000,9.731245690,5.568639327,4.162606363,1,center,constraint_reconstruction
281,355.247342613,9.544500580,5.457000000,4.087500580,1,center,constraint_reconstruction
282,356.000000000,9.392891136,5.350078831,4.042812305,1,center,constraint_reconstruction
283,357.246522945,9.144513563,5.173000000,3.971513563,1,center,constraint_reconstruction
284,358.000000000,9.231287996,5.299963344,3.931324653,1,center,constraint_reconstruction
285,359.246484194,9.380584975,5.510000000,3.870584975,1,center,constraint_reconstruction
286,360.000000000,9.543457090,5.705480084,3.837977006,1,center,constraint_reconstruction
287,361.247070108,9.820211978,6.029000000,3.791211978,1,center,constraint_reconstruction
288,362.000000000,9.991900382,6.224389093,3.767511289,1,center,constraint_reconstruction
289,363.247031358,10.283789055,6.548000000,3.735789055,1,center,constraint_reconstruction
290,364.000000000,10.431706397,6.710644378,3.721062019,1,center,constraint_reconstruction
291,365.246992608,10.683770268,6.980000000,3.703770268,1,center,constraint_reconstruction
292,366.000000000,10.850099798,7.152818545,3.697281253,1,center,constraint_reconstruction
293,367.246953857,11.131664688,7.439000000,3.692664688,1,center,constraint_reconstruction
294,368.000000000,11.320667357,7.627582812,3.693084545,1,center,constraint_reconstruction
295,369.247539771,11.638529179,7.940000000,3.698529179,1,center,constraint_reconstruction
296,370.000000000,11.771631730,8.067594301,3.704037428,1,center,constraint_reconstruction
297,371.246720104,11.995130876,8.279000000,3.716130876,1,center,constraint_reconstruction
298,372.000000000,12.180454277,8.456024206,3.724430071,1,center,constraint_reconstruction
299,373.246681353,12.487911391,8.749000000,3.738911391,1,center,constraint_reconstruction
300,374.000000000,12.677290732,8.930176645,3.747114087,1,center,constraint_reconstruction
301,375.246642603,12.988667226,9.230000000,3.758667226,1,center,constraint_reconstruction
302,376.000000000,13.177330626,9.414141938,3.763188688,1,center,constraint_reconstruction
303,377.247228517,13.484225508,9.719000000,3.765225508,1,center,constraint_reconstruction
304,378.000000000,13.668851674,9.907196517,3.761655157,1,center,constraint_reconstruction
305,379.247189767,13.965135046,10.219000000,3.746135046,1,center,constraint_reconstruction
306,380.000000000,14.146171921,10.416992928,3.729178993,1,center,constraint_reconstruction
307,381.247151016,14.431604739,10.745000000,3.686604739,1,center,constraint_reconstruction
308,382.000000000,14.602635674,10.952494933,3.650140740,1,center,constraint_reconstruction
309,383.246331348,14.865877747,11.296000000,3.569877747,1,center,constraint_reconstruction
310,384.000000000,15.004354301,11.497170596,3.507183706,1,center,constraint_reconstruction
311,385.246917263,15.207947363,11.830000000,3.377947363,1,center,constraint_reconstruction
312,386.000000000,15.303424787,12.020910173,3.282514614,1,center,constraint_reconstruction
313,387.246878512,15.430977994,12.337000000,3.093977994,1,center,constraint_reconstruction
314,388.000000000,15.252189433,12.291969824,2.960219608,1,center,constraint_reconstruction
315,390.000000000,14.702616069,12.172387057,2.530229012,1,center,constraint_reconstruction
316,392.000000000,14.043498469,12.052804289,1.990694180,1,center,constraint_reconstruction
317,394.000000000,13.291299391,11.933221521,1.358077870,1,center,constraint_reconstruction
318,396.000000000,12.488473631,11.813638754,0.674834877,1,center,constraint_reconstruction
319,398.000000000,11.713589886,11.694055986,0.019533900,1,center,constraint_reconstruction
320,398.067835631,11.690000000,11.690000000,0.000000000,0,center,constraint_reconstruction
321,412.504407092,12.020000000,12.020000000,0.000000000,0,center,constraint_reconstruction
322,427.847681560,15.600000000,15.600000000,0.000000000,0,center,constraint_reconstruction
323,450.404690266,16.590000000,16.590000000,0.000000000,0,center,constraint_reconstruction
324,472.844667483,16.640000000,16.640000000,0.000000000,0,center,constraint_reconstruction
325,490.059449411,19.920000000,19.920000000,0.000000000,0,center,constraint_reconstruction
326,499.791543623,23.300000000,23.300000000,0.000000000,0,center,constraint_reconstruction
327,510.535566272,23.300000000,23.300000000,0.000000000,0,center,constraint_reconstruction
328,514.492745489,19.840000000,19.840000000,0.000000000,0,center,constraint_reconstruction
329,531.643604399,19.290000000,19.290000000,0.000000000,0,center,constraint_reconstruction
