point_index,station_m_raw_direction,elevation_m,cad_x,cad_y
0,0.0,27.979999999981374,391496.2307640212,3193615.113820825
1,16.92019066501525,28.020000000018626,391665.4326706714,3193615.513820825
2,28.46399629265652,17.9,391780.8707269478,3193514.313820825
3,58.11397191573633,16.4,392077.3704831786,3193499.313820825
4,76.05474431087495,11.2,392256.77820713,3193447.313820825
5,87.24707019740599,9.560000000009314,392368.7014659953,3193430.913820825
6,89.24703144691884,8.85,392388.7010784904,3193423.813820825
7,91.24683668741491,8.370000000018626,392408.6991308954,3193419.013820825
8,93.24679793725954,8.120000000018626,392428.6987433938,3193416.513820825
9,95.24675918676658,7.779999999981373,392448.6983558889,3193413.113820825
10,97.24672043632017,7.429999999981374,392468.6979683844,3193409.613820825
11,99.24730635047891,7.260000000009313,392488.703827526,3193407.913820825
12,101.24726760026533,7.129999999981374,392508.7034400239,3193406.613820825
13,103.24722884981892,6.839999999990686,392528.7030525194,3193403.713820825
14,105.24640918173827,6.310000000009313,392548.6948558386,3193398.413820825
15,107.24699509594939,6.0120000000111755,392568.7007149807,3193395.433820825
16,109.24695634573581,5.883000000007451,392588.7003274786,3193394.143820825
17,111.24691759524868,5.393999999994412,392608.6999399737,3193389.253820825
18,113.2468788447848,4.945000000018626,392628.6995524691,3193384.763820825
19,115.24746475894935,4.4959999999962745,392648.7054116107,3193380.273820825
20,117.24664509115973,4.047000000020489,392668.6972149328,3193375.783820825
21,119.24660634071915,3.8040000000037253,392688.6968274284,3193373.353820825
22,121.24656759022037,4.058000000007451,392708.6964399234,3193375.893820825
23,123.24715350441984,3.5,392728.7022990654,3193370.313820825
24,125.24711475420627,2.5200000000186265,392748.7019115633,3193360.513820825
25,127.24707600371912,1.9899999999906868,392768.7015240584,3193355.213820825
26,129.24625633597606,2.2600000000093132,392788.693327381,3193357.913820825
27,131.2468422501348,2.3260000000242145,392808.6991865226,3193358.573820825
28,133.246803499636,1.922000000020489,392828.6987990176,3193354.533820825
29,135.2467647491896,1.5180000000167637,392848.6984115131,3193350.493820825
30,137.24672599897605,1.043999999994412,392868.698024011,3193345.753820825
31,139.2473119131755,1.1470000000204892,392888.703883153,3193346.783820825
32,141.24727316268837,1.0149999999906867,392908.7034956481,3193345.463820825
33,143.24645349461935,0.993999999994412,392928.6952989674,3193345.253820825
34,145.2470394088188,0.9720000000204891,392948.7011581094,3193345.033820825
35,147.24700065860526,0.9510000000242144,392968.7007706073,3193344.823820825
36,149.24696190815885,0.9299999999813735,392988.7003831028,3193344.613820825
37,151.24692315766006,0.9089999999850988,393008.6999955978,3193344.403820825
38,153.2475090718188,0.8879999999888242,393028.7058547394,3193344.193820825
39,155.24668940407574,0.8669999999925494,393048.697658062,3193343.983820825
40,157.24665065358857,0.8459999999962747,393068.6972705571,3193343.773820825
41,159.24661190308979,0.825,393088.6968830521,3193343.563820825
42,161.24719781728928,0.6959999999962747,393108.7027421941,3193342.273820825
43,163.2471590670757,0.6510000000242144,393128.702354692,3193341.823820825
44,165.24712031663512,0.6120000000111758,393148.7019671876,3193341.433820825
45,167.2463006485603,0.6649999999906868,393168.6937705068,3193341.963820825
46,169.246886562719,0.6379999999888242,393188.6996296484,3193341.693820825
47,171.24684781254618,0.6180000000167638,393208.6992421467,3193341.493820825
48,173.24680906205904,0.6549999999813736,393228.6988546418,3193341.863820825
49,175.24677031184547,0.6560000000055879,393248.6984671397,3193341.873820825
50,177.24735622605658,0.6580000000074506,393268.7043262818,3193341.893820825
51,179.2473174755578,0.6589999999850988,393288.7039387768,3193341.903820825
52,181.24649780752952,0.6600000000093132,393308.6957420965,3193341.913820825
53,183.24645905731595,0.6270000000018626,393328.6953545944,3193341.583820825
54,185.2470449714805,0.5950000000186264,393348.701213736,3193341.263820825
55,187.24700622102827,0.5709999999962747,393368.7008262315,3193341.023820825
56,189.2469674705353,0.5470000000204891,393388.7004387266,3193340.783820825
57,191.24755338473477,0.5229999999981374,393408.7062978686,3193340.543820825
58,193.24673371694516,0.49900000002235173,393428.6981011907,3193340.303820825
59,195.24669496644637,0.475,393448.6977136857,3193340.063820825
60,197.24665621599996,0.45800000000745056,393468.6973261812,3193339.893820825
61,199.2472421301587,0.15,393488.7031853228,3193336.813820825
62,201.24720337995677,-0.2600000000093132,393508.7027978208,3193332.713820825
63,203.24716462951037,-0.85,393528.7024103163,3193326.813820825
64,205.2463449614297,-1.2200000000186264,393548.6942136355,3193323.113820825
65,207.24693087558845,-1.8089999999850987,393568.7000727771,3193317.223820825
66,209.24689212542725,-1.6,393588.6996852755,3193319.313820825
67,211.24685337492846,-1.3200000000186265,393608.6992977705,3193322.113820825
68,213.24681462447626,-0.45,393628.698910266,3193330.813820825
69,215.24740053863496,0.12000000001862646,393648.7047694076,3193336.513820825
70,217.2473617884272,0.33999999999068675,393668.7043819055,3193338.713820825
71,219.24654212039894,0.3899999999906868,393688.6961852252,3193339.213820825
72,221.24650336990015,0.41000000000931325,393708.6957977202,3193339.413820825
73,223.24708928410547,0.9620000000111759,393728.7016568623,3193344.933820825
74,225.24705053389772,0.9450000000186265,393748.7012693602,3193344.763820825
75,227.24701178340473,0.728000000026077,393768.7008818553,3193342.593820825
76,229.2469730332494,0.7540000000037252,393788.7004943537,3193342.853820825
77,231.24677827374543,0.7200000000186264,393808.6985467587,3193342.513820825
78,233.24673952324665,1.0680000000167638,393828.6981592537,3193345.993820825
79,235.24670077280607,0.40499999998137354,393848.6977717493,3193339.363820825
80,237.24666202259831,1.5180000000167637,393868.6973842472,3193350.493820825
81,239.24724793680943,1.6120000000111758,393888.7032433893,3193351.433820825
82,241.24720918630481,1.6520000000018626,393908.7028558843,3193351.833820825
83,243.24638951823,1.8479999999981374,393928.6946592035,3193353.793820825
84,245.24697543242945,1.7770000000018626,393948.7005183455,3193353.083820825
85,247.24693668222753,1.637000000011176,393968.7001308435,3193351.683820825
86,249.24689793172874,1.5859999999869614,393988.6997433385,3193351.173820825
87,251.24685918127653,1.5339999999850988,394008.699355834,3193350.653820825
88,253.24744509543524,1.4830000000074506,394028.7052149756,3193350.143820825
89,255.2474063452799,1.4319999999832362,394048.704827474,3193349.633820825
90,257.2465866771992,1.381000000005588,394068.6966307932,3193349.123820825
91,259.2465479267063,1.3510000000242144,394088.6962432883,3193348.823820825
92,261.24713384090575,1.2020000000018627,394108.7021024303,3193347.333820825
93,263.24709509070965,0.9520000000018627,394128.7017149283,3193344.833820825
94,265.24705634024576,0.7080000000074506,394148.7013274237,3193342.393820825
95,267.2470175897586,0.48199999998323617,394168.7009399188,3193340.133820825
96,269.2468228302605,0.5270000000018626,394188.6989923238,3193340.583820825
97,271.2467840800993,0.3640000000130385,394208.6986048222,3193338.953820825
98,273.24674532960637,0.39500000001862645,394228.6982173173,3193339.263820825
99,275.2467065793986,0.4439999999944121,394248.6978298152,3193339.753820825
100,277.24729249360973,0.4859999999869615,394268.7036889573,3193340.173820825
101,279.2472537431051,0.528000000026077,394288.7033014523,3193340.593820825
102,281.24643407503027,0.5700000000186265,394308.6951047715,3193341.013820825
103,283.24639532486907,0.618999999994412,394328.6947172699,3193341.503820825
104,285.24698123902783,0.6479999999981374,394348.7005764115,3193341.793820825
105,287.2469424885756,0.6419999999925494,394368.700188907,3193341.733820825
106,289.24690373808846,0.6359999999869614,394388.6998014021,3193341.673820825
107,291.24686498787486,0.631000000005588,394408.6994139,3193341.623820825
108,293.2474509020802,0.625,394428.705273042,3193341.563820825
109,295.2466312339995,0.618999999994412,394448.6970763612,3193341.503820825
110,297.2465924835589,0.6129999999888242,394468.6966888568,3193341.443820825
111,299.247178397706,0.65,394488.7025479983,3193341.813820825
112,301.2471396475099,0.6839999999850989,394508.7021604963,3193342.153820825
113,303.24710089704604,0.7410000000149012,394528.7017729917,3193342.723820825
114,305.2470621465589,0.7830000000074506,394548.7013854868,3193343.143820825
115,307.246867387055,0.7370000000111758,394568.6994378918,3193342.683820825
116,309.2468286368996,0.7430000000167638,394588.6990503902,3193342.743820825
117,311.24678988640665,0.7069999999832361,394608.6986628853,3193342.383820825
118,313.2467511359602,0.6899999999906867,394628.6982753808,3193342.213820825
119,315.247337050119,0.6760000000242143,394648.7041345224,3193342.073820825
120,317.24729829990537,0.7270000000018626,394668.7037470203,3193342.583820825
121,319.2464786318771,0.8430000000167638,394688.69555034,3193343.743820825
122,321.24643988166935,0.9169999999925494,394708.6951628379,3193344.483820825
123,323.2470257958281,0.9310000000055879,394728.7010219795,3193344.623820825
124,325.2469870453759,1.122000000020489,394748.700634475,3193346.533820825
125,327.24694829488874,1.3640000000130386,394768.7002469701,3193348.953820825
126,329.2469095447159,1.5390000000130386,394788.6998594684,3193350.703820825
127,331.24749545888045,2.022999999998137,394808.70571861,3193355.543820825
128,333.24667579079977,2.506999999983236,394828.6975219292,3193360.383820825
129,335.2466370403592,2.866000000014901,394848.6971344248,3193363.973820825
130,337.24659829014564,3.079000000003725,394868.6967469227,3193366.103820825
131,339.2471842043451,3.493000000016764,394888.7026060647,3193370.243820825
132,341.2471454538463,4.424000000022351,394908.7022185597,3193379.553820825
133,343.2471067033592,4.71699999999255,394928.7018310548,3193382.483820825
134,345.2462870356161,4.981999999983236,394948.6936343774,3193385.133820825
135,347.24687294977485,5.104000000003725,394968.699493519,3193386.353820825
136,349.24683419927607,5.214999999990686,394988.699106014,3193387.463820825
137,351.24679544882963,5.3220000000204895,395008.6987185095,3193388.533820825
138,353.24738136297674,5.635999999986962,395028.704577651,3193391.673820825
139,355.24734261281554,5.456999999983236,395048.7041901494,3193389.883820825
140,357.2465229447465,5.1729999999981375,395068.6959934687,3193387.043820825
141,359.2464841942594,5.510000000009313,395088.6956059638,3193390.413820825
142,361.24707010845884,6.029000000003725,395108.7014651058,3193395.603820825
143,363.2470313582453,6.5479999999981375,395128.7010776037,3193400.793820825
144,365.2469926077465,6.9799999999813735,395148.7006900987,3193405.113820825
145,367.2469538573001,7.4390000000130385,395168.7003025942,3193409.703820825
146,369.24753977145883,7.939999999990687,395188.7061617358,3193414.713820825
147,371.2467201037158,8.279000000003725,395208.6979650584,3193418.103820825
148,373.2466813532286,8.749000000022352,395228.6975775535,3193422.803820825
149,375.24664260301506,9.229999999981374,395248.6971900514,3193427.613820825
150,377.2472285172204,9.718999999994413,395268.7030491934,3193432.503820825
151,379.24718976671574,10.218999999994413,395288.7026616884,3193437.503820825
152,381.24715101627515,10.745000000018626,395308.702274184,3193442.763820825
153,383.24633134848557,11.295999999996274,395328.6940775061,3193448.273820825
154,385.2469172626501,11.829999999981373,395348.6999366477,3193453.613820825
155,387.24687851218624,12.337000000011177,395368.6995491431,3193458.683820825
156,398.0678356309305,11.689999999990686,395476.9091203305,3193452.213820825
157,412.50440709191025,12.020000000018626,395621.2748349403,3193455.513820825
158,427.84768156033823,15.6,395774.7075796246,3193491.313820825
159,450.4046902660572,16.589999999990688,396000.2776666818,3193501.213820825
160,472.84466748302805,16.639999999990685,396224.6774388515,3193501.713820825
161,490.05944941109044,19.920000000018625,396396.8252581321,3193534.513820825
162,499.79154362293775,23.3,396494.1462002506,3193568.313820825
163,510.53556627233627,23.3,396601.5864267446,3193568.313820825
164,514.492745489016,19.839999999990688,396641.1582189114,3193533.713820825
165,531.6436043992696,19.289999999990687,396812.6668080139,3193528.213820825
