point_index,station_m_raw_direction,elevation_m,current_elevation_m,raise_m,modified,variant,geometry_source
0,0.000000000,27.980000000,27.980000000,0.000000000,0,distributed,constraint_reconstruction
1,16.920190665,28.020000000,28.020000000,0.000000000,0,distributed,constraint_reconstruction
2,28.463996293,17.900000000,17.900000000,0.000000000,0,distributed,constraint_reconstruction
3,58.113971916,16.400000000,16.400000000,0.000000000,0,distributed,constraint_reconstruction
4,60.000000000,16.219159434,15.853348729,0.365810706,1,distributed,constraint_reconstruction
5,62.000000000,16.045098490,15.273663542,0.771434948,1,distributed,constraint_reconstruction
6,64.000000000,15.864794327,14.693978355,1.170815972,1,distributed,constraint_reconstruction
7,66.000000000,15.661101813,14.114293168,1.546808645,1,distributed,constraint_reconstruction
8,68.000000000,15.422922964,13.534607981,1.888314984,1,distributed,constraint_reconstruction
9,70.000000000,15.144003775,12.954922794,2.189080981,1,distributed,constraint_reconstruction
10,72.000000000,14.821841392,12.375237607,2.446603785,1,distributed,constraint_reconstruction
11,74.000000000,14.456721668,11.795552420,2.661169248,1,distributed,constraint_reconstruction
12,76.000000000,14.050895087,11.215867233,2.835027854,1,distributed,constraint_reconstruction
13,76.054744311,14.039263985,11.200000000,2.839263985,1,distributed,constraint_reconstruction
14,78.000000000,13.886723695,10.914963685,2.971760010,1,distributed,constraint_reconstruction
15,80.000000000,13.697406523,10.621905742,3.075500781,1,distributed,constraint_reconstruction
16,82.000000000,13.479688103,10.328847799,3.150840304,1,distributed,constraint_reconstruction
17,84.000000000,13.238054116,10.035789856,3.202264260,1,distributed,constraint_reconstruction
18,86.000000000,12.976701316,9.742731913,3.233969402,1,distributed,constraint_reconstruction
19,87.247070197,12.805652402,9.560000000,3.245652402,1,distributed,constraint_reconstruction
20,88.000000000,12.542790217,9.292704741,3.250085476,1,distributed,constraint_reconstruction
21,89.247031447,12.103439075,8.850000000,3.253439075,1,distributed,constraint_reconstruction
22,90.000000000,11.922641666,8.669269948,3.253371718,1,distributed,constraint_reconstruction
23,91.246836687,11.620075742,8.370000000,3.250075742,1,distributed,constraint_reconstruction
24,92.000000000,11.522257481,8.275852762,3.246404719,1,distributed,constraint_reconstruction
25,93.246797937,11.357754631,8.120000000,3.237754631,1,distributed,constraint_reconstruction
26,94.000000000,11.223101008,7.991953168,3.231147840,1,distributed,constraint_reconstruction
27,95.246759187,10.998065482,7.780000000,3.218065482,1,distributed,constraint_reconstruction
28,96.000000000,10.857153145,7.648180304,3.208972842,1,distributed,constraint_reconstruction
29,97.246720436,10.622033926,7.430000000,3.192033926,1,distributed,constraint_reconstruction
30,98.000000000,10.546698158,7.365989989,3.180708169,1,distributed,constraint_reconstruction
31,99.247306350,10.420173122,7.260000000,3.160173122,1,distributed,constraint_reconstruction
32,100.000000000,10.357783556,7.211073965,3.146709591,1,distributed,constraint_reconstruction
33,101.247267600,10.252608416,7.130000000,3.122608416,1,distributed,constraint_reconstruction
34,102.000000000,10.127802230,7.020851687,3.106950542,1,distributed,constraint_reconstruction
35,103.247228850,9.919119474,6.840000000,3.079119474,1,distributed,constraint_reconstruction
36,104.000000000,9.701564752,6.640433856,3.061130895,1,distributed,constraint_reconstruction
37,105.246409182,9.339319398,6.310000000,3.029319398,1,distributed,constraint_reconstruction
38,106.000000000,9.206552150,6.197747853,3.008804297,1,distributed,constraint_reconstruction
39,107.246995096,8.984686037,6.012000000,2.972686037,1,distributed,constraint_reconstruction
40,108.000000000,8.912955296,5.963430243,2.949525054,1,distributed,constraint_reconstruction
41,109.246956346,8.791910682,5.883000000,2.908910682,1,distributed,constraint_reconstruction
42,110.000000000,8.581892870,5.698877259,2.883015611,1,distributed,constraint_reconstruction
43,111.246917595,8.231898461,5.394000000,2.837898461,1,distributed,constraint_reconstruction
44,112.000000000,8.034286161,5.224929724,2.809356436,1,distributed,constraint_reconstruction
45,113.246878845,7.705059031,4.945000000,2.760059031,1,distributed,constraint_reconstruction
46,114.000000000,7.505172621,4.775973818,2.729198803,1,distributed,constraint_reconstruction
47,115.247464759,7.172490167,4.496000000,2.676490167,1,distributed,constraint_reconstruction
48,116.000000000,6.970986761,4.326986571,2.644000190,1,distributed,constraint_reconstruction
49,117.246645091,6.636367708,4.047000000,2.589367708,1,distributed,constraint_reconstruction
50,118.000000000,6.511746158,3.955465605,2.556280553,1,distributed,constraint_reconstruction
51,119.246606341,6.305915692,3.804000000,2.501915692,1,distributed,constraint_reconstruction
52,120.000000000,6.369576344,3.899682849,2.469893495,1,distributed,constraint_reconstruction
53,121.246567590,6.476993845,4.058000000,2.418993845,1,distributed,constraint_reconstruction
54,122.000000000,6.238159835,3.847853921,2.390305913,1,distributed,constraint_reconstruction
55,123.247153504,5.847193956,3.500000000,2.347193956,1,distributed,constraint_reconstruction
56,124.000000000,5.455970035,3.131098070,2.324871965,1,distributed,constraint_reconstruction
57,125.247114754,4.815224536,2.520000000,2.295224536,1,distributed,constraint_reconstruction
58,126.000000000,4.603567413,2.320481544,2.283085868,1,distributed,constraint_reconstruction
59,127.247076004,4.263997473,1.990000000,2.273997473,1,distributed,constraint_reconstruction
60,127.291583188,4.270000000,1.996010933,2.273989067,1,distributed,constraint_reconstruction
61,128.000000000,4.368495041,2.091686414,2.276808627,1,distributed,constraint_reconstruction
62,129.246256336,4.553695183,2.260000000,2.293695183,1,distributed,constraint_reconstruction
63,130.000000000,4.594598374,2.284866256,2.309732118,1,distributed,constraint_reconstruction
64,131.246842250,4.670483457,2.326000000,2.344483457,1,distributed,constraint_reconstruction
65,132.000000000,4.543028968,2.173859187,2.369169781,1,distributed,constraint_reconstruction
66,133.246803500,4.337016152,1.922000000,2.415016152,1,distributed,constraint_reconstruction
67,134.000000000,4.214565065,1.769851359,2.444713706,1,distributed,constraint_reconstruction
68,135.246764749,4.014299915,1.518000000,2.496299915,1,distributed,constraint_reconstruction
69,136.000000000,3.867642667,1.339479787,2.528162880,1,distributed,constraint_reconstruction
70,137.246725999,3.625391184,1.044000000,2.581391184,1,distributed,constraint_reconstruction
71,138.000000000,3.696066270,1.082782250,2.613284020,1,distributed,constraint_reconstruction
72,139.247311913,3.812176153,1.147000000,2.665176153,1,distributed,constraint_reconstruction
73,140.000000000,3.792868654,1.097321624,2.695547030,1,distributed,constraint_reconstruction
74,141.247273163,3.758995771,1.015000000,2.743995771,1,distributed,constraint_reconstruction
75,142.000000000,3.778946959,1.007093128,2.771853832,1,distributed,constraint_reconstruction
76,143.246453495,3.809511892,0.994000000,2.815511892,1,distributed,constraint_reconstruction
77,144.000000000,3.825990132,0.985713416,2.840276716,1,distributed,constraint_reconstruction
78,145.247039409,3.850476269,0.972000000,2.878476269,1,distributed,constraint_reconstruction
79,146.000000000,3.863908718,0.964093761,2.899814957,1,distributed,constraint_reconstruction
80,147.247000659,3.883284220,0.951000000,2.932284220,1,distributed,constraint_reconstruction
81,148.000000000,3.893269250,0.943093354,2.950175897,1,distributed,constraint_reconstruction
82,149.246961908,3.907007250,0.930000000,2.977007250,1,distributed,constraint_reconstruction
83,150.000000000,3.913677670,0.922092947,2.991584723,1,distributed,constraint_reconstruction
84,151.246923158,3.922109644,0.909000000,3.013109644,1,distributed,constraint_reconstruction
85,152.000000000,3.925718201,0.901095009,3.024623192,1,distributed,constraint_reconstruction
86,153.247509072,3.929333878,0.888000000,3.041333878,1,distributed,constraint_reconstruction
87,154.000000000,3.930192466,0.880095606,3.050096861,1,distributed,constraint_reconstruction
88,155.246689404,3.929545240,0.867000000,3.062545240,1,distributed,constraint_reconstruction
89,156.000000000,3.928019300,0.859090085,3.068929214,1,distributed,constraint_reconstruction
90,157.246650654,3.923723680,0.846000000,3.077723680,1,distributed,constraint_reconstruction
91,158.000000000,3.920169236,0.838089679,3.082079557,1,distributed,constraint_reconstruction
92,159.246611903,3.912809251,0.825000000,3.087809251,1,distributed,constraint_reconstruction
93,160.000000000,3.866903262,0.776420699,3.090482562,1,distributed,constraint_reconstruction
94,161.247197817,3.789699788,0.696000000,3.093699788,1,distributed,constraint_reconstruction
95,162.000000000,3.774067384,0.679061623,3.095005762,1,distributed,constraint_reconstruction
96,163.247159067,3.747202805,0.651000000,3.096202805,1,distributed,constraint_reconstruction
97,164.000000000,3.732741746,0.636319317,3.096422429,1,distributed,constraint_reconstruction
98,165.247120317,3.708026876,0.612000000,3.096026876,1,distributed,constraint_reconstruction
99,166.000000000,3.727356206,0.631959492,3.095396714,1,distributed,constraint_reconstruction
100,167.246300649,3.758766306,0.665000000,3.093766306,1,distributed,constraint_reconstruction
101,168.000000000,3.747306959,0.654828039,3.092478920,1,distributed,constraint_reconstruction
102,169.246886563,3.727898049,0.638000000,3.089898049,1,distributed,constraint_reconstruction
103,170.000000000,3.718577203,0.630468720,3.088108484,1,distributed,constraint_reconstruction
104,171.246847813,3.702799828,0.618000000,3.084799828,1,distributed,constraint_reconstruction
105,172.000000000,3.714556864,0.631933585,3.082623278,1,distributed,constraint_reconstruction
106,173.246809062,3.733751874,0.655000000,3.078751874,1,distributed,constraint_reconstruction
107,174.000000000,3.731649995,0.655376603,3.076273393,1,distributed,constraint_reconstruction
108,175.246770312,3.727958166,0.656000000,3.071958166,1,distributed,constraint_reconstruction
109,176.000000000,3.725991618,0.656753009,3.069238609,1,distributed,constraint_reconstruction
110,177.247356226,3.722562328,0.658000000,3.064562328,1,distributed,constraint_reconstruction
111,178.000000000,3.720024978,0.658376329,3.061648649,1,distributed,constraint_reconstruction
112,179.247317476,3.715678756,0.659000000,3.056678756,1,distributed,constraint_reconstruction
113,180.000000000,3.712982147,0.659376496,3.053605651,1,distributed,constraint_reconstruction
114,181.246497808,3.708405611,0.660000000,3.048405611,1,distributed,constraint_reconstruction
115,182.000000000,3.692775385,0.647566973,3.045208412,1,distributed,constraint_reconstruction
116,183.246459057,3.666846006,0.627000000,3.039846006,1,distributed,constraint_reconstruction
117,184.000000000,3.651524953,0.614946876,3.036578077,1,distributed,constraint_reconstruction
118,185.247044971,3.626148962,0.595000000,3.031148962,1,distributed,constraint_reconstruction
119,186.000000000,3.613849341,0.585964365,3.027884976,1,distributed,constraint_reconstruction
120,187.247006221,3.593534873,0.571000000,3.022534873,1,distributed,constraint_reconstruction
121,188.000000000,3.581340086,0.561963900,3.019376186,1,distributed,constraint_reconstruction
122,189.246967471,3.561309992,0.547000000,3.014309992,1,distributed,constraint_reconstruction
123,190.000000000,3.549369499,0.537966256,3.011403243,1,distributed,constraint_reconstruction
124,191.247553385,3.529902622,0.523000000,3.006902622,1,distributed,constraint_reconstruction
125,192.000000000,3.518416158,0.513966939,3.004449219,1,distributed,constraint_reconstruction
126,193.246733717,3.499897724,0.499000000,3.000897724,1,distributed,constraint_reconstruction
127,194.000000000,3.489114782,0.489960629,2.999154152,1,distributed,constraint_reconstruction
128,195.246694966,3.472037111,0.475000000,2.997037111,1,distributed,constraint_reconstruction
129,196.000000000,3.464933687,0.468596783,2.996336904,1,distributed,constraint_reconstruction
130,197.246656216,3.454262749,0.458000000,2.996262749,1,distributed,constraint_reconstruction
131,198.000000000,3.339030942,0.342019035,2.997011907,1,distributed,constraint_reconstruction
132,199.247242130,3.149717822,0.150000000,2.999717822,1,distributed,constraint_reconstruction
133,200.000000000,2.998079367,-0.004318353,3.002397720,1,distributed,constraint_reconstruction
134,201.247203380,2.748746111,-0.260000000,3.008746111,1,distributed,constraint_reconstruction
135,202.000000000,2.531835248,-0.482079306,3.013914554,1,distributed,constraint_reconstruction
136,203.247164630,2.174886076,-0.850000000,3.024886076,1,distributed,constraint_reconstruction
137,204.000000000,2.043834718,-0.989331646,3.033166364,1,distributed,constraint_reconstruction
138,205.246344961,1.829827331,-1.220000000,3.049827331,1,distributed,constraint_reconstruction
139,206.000000000,1.620017120,-1.441886406,3.061903526,1,distributed,constraint_reconstruction
140,207.246930876,1.276413535,-1.809000000,3.085413535,1,distributed,constraint_reconstruction
141,208.000000000,1.371657483,-1.730302752,3.101960235,1,distributed,constraint_reconstruction
142,209.246892125,1.533457454,-1.600000000,3.133457454,1,distributed,constraint_reconstruction
143,210.000000000,1.660599485,-1.494562855,3.155162339,1,distributed,constraint_reconstruction
144,211.246853375,1.875726495,-1.320000000,3.195726495,1,distributed,constraint_reconstruction
145,212.000000000,2.230823294,-0.992374870,3.223198164,1,distributed,constraint_reconstruction
146,213.246814624,2.823740095,-0.450000000,3.273740095,1,distributed,constraint_reconstruction
147,214.000000000,3.072042669,-0.235405035,3.307447704,1,distributed,constraint_reconstruction
148,215.247400539,3.488611537,0.120000000,3.368611537,1,distributed,constraint_reconstruction
149,216.000000000,3.611551902,0.202787545,3.408764357,1,distributed,constraint_reconstruction
150,217.247361788,3.820674098,0.340000000,3.480674098,1,distributed,constraint_reconstruction
151,218.000000000,3.886028784,0.358823670,3.527205114,1,distributed,constraint_reconstruction
152,219.246542120,3.999301401,0.390000000,3.609301401,1,distributed,constraint_reconstruction
153,220.000000000,4.059240851,0.397534725,3.661706126,1,distributed,constraint_reconstruction
154,221.246503370,4.162644464,0.410000000,3.752644464,1,distributed,constraint_reconstruction
155,222.000000000,4.427608440,0.617904163,3.809704277,1,distributed,constraint_reconstruction
156,223.247089284,4.868994517,0.962000000,3.906994517,1,distributed,constraint_reconstruction
157,224.000000000,4.922307960,0.955600135,3.966707825,1,distributed,constraint_reconstruction
158,225.247050534,5.011323018,0.945000000,4.066323018,1,distributed,constraint_reconstruction
159,226.000000000,4.989127399,0.863303400,4.125823999,1,distributed,constraint_reconstruction
160,227.247011783,4.950035690,0.728000000,4.222035690,1,distributed,constraint_reconstruction
161,228.000000000,5.015048685,0.737789036,4.277259648,1,distributed,constraint_reconstruction
162,229.246973033,5.116274584,0.754000000,4.362274584,1,distributed,constraint_reconstruction
163,230.000000000,5.149012889,0.741197295,4.407815594,1,distributed,constraint_reconstruction
164,231.246778274,5.191464009,0.720000000,4.471464009,1,distributed,constraint_reconstruction
165,232.000000000,5.351469926,0.851063120,4.500406807,1,distributed,constraint_reconstruction
166,233.246739523,5.597900459,1.068000000,4.529900459,1,distributed,constraint_reconstruction
167,233.855335041,5.400000000,0.866246677,4.533753323,1,distributed,constraint_reconstruction
168,234.000000000,5.351827888,0.818289314,4.533538574,1,distributed,constraint_reconstruction
169,235.246700773,4.919127076,0.405000000,4.514127076,1,distributed,constraint_reconstruction
170,236.000000000,5.314436557,0.824219142,4.490217414,1,distributed,constraint_reconstruction
171,237.246662023,5.951289469,1.518000000,4.433289469,1,distributed,constraint_reconstruction
172,238.000000000,5.944325732,1.553396515,4.390929216,1,distributed,constraint_reconstruction
173,239.247247937,5.921888609,1.612000000,4.309888609,1,distributed,constraint_reconstruction
174,240.000000000,5.883474165,1.627055333,4.256418832,1,distributed,constraint_reconstruction
175,241.247209186,5.814059820,1.652000000,4.162059820,1,distributed,constraint_reconstruction
176,242.000000000,5.828992382,1.725803747,4.103188635,1,distributed,constraint_reconstruction
177,243.246389518,5.851896404,1.848000000,4.003896404,1,distributed,constraint_reconstruction
178,244.000000000,5.765175603,1.821254663,3.943920940,1,distributed,constraint_reconstruction
179,245.246975432,5.622765187,1.777000000,3.845765187,1,distributed,constraint_reconstruction
180,246.000000000,5.512249646,1.724287259,3.787962387,1,distributed,constraint_reconstruction
181,247.246936682,5.332353042,1.637000000,3.695353042,1,distributed,constraint_reconstruction
182,248.000000000,5.259629373,1.617796513,3.641832860,1,distributed,constraint_reconstruction
183,249.246897932,5.143619286,1.586000000,3.557619286,1,distributed,constraint_reconstruction
184,250.000000000,5.076139402,1.566418967,3.509720435,1,distributed,constraint_reconstruction
185,251.246859181,4.969537162,1.534000000,3.435537162,1,distributed,constraint_reconstruction
186,252.000000000,4.908748341,1.514800534,3.393947808,1,distributed,constraint_reconstruction
187,253.247445095,4.813453413,1.483000000,3.330453413,1,distributed,constraint_reconstruction
188,254.000000000,4.759203638,1.463809478,3.295394160,1,distributed,constraint_reconstruction
189,255.247406345,4.674604153,1.432000000,3.242604153,1,distributed,constraint_reconstruction
190,256.000000000,4.626666359,1.412800993,3.213865366,1,distributed,constraint_reconstruction
191,257.246586677,4.552278747,1.381000000,3.171278747,1,distributed,constraint_reconstruction
192,258.000000000,4.518107886,1.369698581,3.148409305,1,distributed,constraint_reconstruction
193,259.246547927,4.466133499,1.351000000,3.115133499,1,distributed,constraint_reconstruction
194,260.000000000,4.392461590,1.294884260,3.097577330,1,distributed,constraint_reconstruction
195,261.247133841,4.274539742,1.202000000,3.072539742,1,distributed,constraint_reconstruction
196,262.000000000,4.167524083,1.107889907,3.059634176,1,distributed,constraint_reconstruction
197,263.247095091,3.993695354,0.952000000,3.041695354,1,distributed,constraint_reconstruction
198,264.000000000,3.892864928,0.860143821,3.032721107,1,distributed,constraint_reconstruction
199,265.247056340,3.728714082,0.708000000,3.020714082,1,distributed,constraint_reconstruction
200,266.000000000,3.637893963,0.622915718,3.014978245,1,distributed,constraint_reconstruction
201,267.247017590,3.489781617,0.482000000,3.007781617,1,distributed,constraint_reconstruction
202,268.000000000,3.503575081,0.498943754,3.004631327,1,distributed,constraint_reconstruction
203,269.246822830,3.528208385,0.527000000,3.001208385,1,distributed,constraint_reconstruction
204,270.000000000,3.465664000,0.465614871,3.000049129,1,distributed,constraint_reconstruction
205,271.246784080,3.363470074,0.364000000,2.999470074,1,distributed,constraint_reconstruction
206,272.000000000,3.375452312,0.375675073,2.999777239,1,distributed,constraint_reconstruction
207,273.246745330,3.396232073,0.395000000,3.001232073,1,distributed,constraint_reconstruction
208,274.000000000,3.416008317,0.413455097,3.002553220,1,distributed,constraint_reconstruction
209,275.246706579,3.449353170,0.444000000,3.005353170,1,distributed,constraint_reconstruction
210,276.000000000,3.467122495,0.459814529,3.007307966,1,distributed,constraint_reconstruction
211,277.247292494,3.496882965,0.486000000,3.010882965,1,distributed,constraint_reconstruction
212,278.000000000,3.514964418,0.501807164,3.013157254,1,distributed,constraint_reconstruction
213,279.247253743,3.545041586,0.528000000,3.017041586,1,distributed,constraint_reconstruction
214,280.000000000,3.563200917,0.543814153,3.019386765,1,distributed,constraint_reconstruction
215,281.246434075,3.593210760,0.570000000,3.023210760,1,distributed,constraint_reconstruction
216,282.000000000,3.613896429,0.588462723,3.025433706,1,distributed,constraint_reconstruction
217,283.246395325,3.647917229,0.619000000,3.028917229,1,distributed,constraint_reconstruction
218,284.000000000,3.660791202,0.629924068,3.030867134,1,distributed,constraint_reconstruction
219,285.246981239,3.681801287,0.648000000,3.033801287,1,distributed,constraint_reconstruction
220,286.000000000,3.681109594,0.645740900,3.035368694,1,distributed,constraint_reconstruction
221,287.246942489,3.679602708,0.642000000,3.037602708,1,distributed,constraint_reconstruction
222,288.000000000,3.678456130,0.639740784,3.038715346,1,distributed,constraint_reconstruction
223,289.246903738,3.676152086,0.636000000,3.040152086,1,distributed,constraint_reconstruction
224,290.000000000,3.674882307,0.634117223,3.040765084,1,distributed,constraint_reconstruction
225,291.246864988,3.672352242,0.631000000,3.041352242,1,distributed,constraint_reconstruction
226,292.000000000,3.670187517,0.628741257,3.041446261,1,distributed,constraint_reconstruction
227,293.247450902,3.666171502,0.625000000,3.041171502,1,distributed,constraint_reconstruction
228,294.000000000,3.663492486,0.622741427,3.040751059,1,distributed,constraint_reconstruction
229,295.246631234,3.658641406,0.619000000,3.039641406,1,distributed,constraint_reconstruction
230,296.000000000,3.655473168,0.616739850,3.038733318,1,distributed,constraint_reconstruction
231,297.246592484,3.649853955,0.613000000,3.036853955,1,distributed,constraint_reconstruction
232,298.000000000,3.662444686,0.626933957,3.035510729,1,distributed,constraint_reconstruction
233,299.247178398,3.682968556,0.650000000,3.032968556,1,distributed,constraint_reconstruction
234,300.000000000,3.694069462,0.662798215,3.031271247,1,distributed,constraint_reconstruction
235,301.247139648,3.712224397,0.684000000,3.028224397,1,distributed,constraint_reconstruction
236,302.000000000,3.731740289,0.705456936,3.026283353,1,distributed,constraint_reconstruction
237,303.247100897,3.763945708,0.741000000,3.022945708,1,distributed,constraint_reconstruction
238,304.000000000,3.777720685,0.756811188,3.020909498,1,distributed,constraint_reconstruction
239,305.247062147,3.800561409,0.783000000,3.017561409,1,distributed,constraint_reconstruction
240,306.000000000,3.781302678,0.765680743,3.015621935,1,distributed,constraint_reconstruction
241,307.246867387,3.749621151,0.737000000,3.012621151,1,distributed,constraint_reconstruction
242,308.000000000,3.750279189,0.739259442,3.011019748,1,distributed,constraint_reconstruction
243,309.246828637,3.751810785,0.743000000,3.008810785,1,distributed,constraint_reconstruction
244,310.000000000,3.737288176,0.729442653,3.007845523,1,distributed,constraint_reconstruction
245,311.246789886,3.713970334,0.707000000,3.006970334,1,distributed,constraint_reconstruction
246,312.000000000,3.707597409,0.700597590,3.006999819,1,distributed,constraint_reconstruction
247,313.246751136,3.698104227,0.690000000,3.008104227,1,distributed,constraint_reconstruction
248,314.000000000,3.694279780,0.684728802,3.009550978,1,distributed,constraint_reconstruction
249,315.247337050,3.689389594,0.676000000,3.013389594,1,distributed,constraint_reconstruction
250,316.000000000,3.711930661,0.695193277,3.016737384,1,distributed,constraint_reconstruction
251,317.247298300,3.751164593,0.727000000,3.024164593,1,distributed,constraint_reconstruction
252,318.000000000,3.800633574,0.770674598,3.029958977,1,distributed,constraint_reconstruction
253,319.246478632,3.884911655,0.843000000,3.041911655,1,distributed,constraint_reconstruction
254,320.000000000,3.921634495,0.870880831,3.050753664,1,distributed,constraint_reconstruction
255,321.246439882,3.985247723,0.917000000,3.068247723,1,distributed,constraint_reconstruction
256,322.000000000,4.003027628,0.922273376,3.080754252,1,distributed,constraint_reconstruction
257,323.247025796,4.035840560,0.931000000,3.104840560,1,distributed,constraint_reconstruction
258,324.000000000,4.124531878,1.002910430,3.121621448,1,distributed,constraint_reconstruction
259,325.246987045,4.275299439,1.122000000,3.153299439,1,distributed,constraint_reconstruction
260,326.000000000,4.388063694,1.213116333,3.174947361,1,distributed,constraint_reconstruction
261,327.246948295,4.579119512,1.364000000,3.215119511,1,distributed,constraint_reconstruction
262,328.000000000,4.672017227,1.429893301,3.242123926,1,distributed,constraint_reconstruction
263,329.246909545,4.830484405,1.539000000,3.291484405,1,distributed,constraint_reconstruction
264,330.000000000,5.045366318,1.721194515,3.324171803,1,distributed,constraint_reconstruction
265,331.247495459,5.406108705,2.023000000,3.383108705,1,distributed,constraint_reconstruction
266,332.000000000,5.626705777,2.205180763,3.421525014,1,distributed,constraint_reconstruction
267,333.246675791,5.996829372,2.507000000,3.489829373,1,distributed,constraint_reconstruction
268,334.000000000,6.175992565,2.642224316,3.533768250,1,distributed,constraint_reconstruction
269,335.246637040,6.476657461,2.866000000,3.610657461,1,distributed,constraint_reconstruction
270,336.000000000,6.605560182,2.946234710,3.659325472,1,distributed,constraint_reconstruction
271,337.246598290,6.822076607,3.079000000,3.743076607,1,distributed,constraint_reconstruction
272,338.000000000,7.030009798,3.234908479,3.795101318,1,distributed,constraint_reconstruction
273,339.247184204,7.375889121,3.493000000,3.882889121,1,distributed,constraint_reconstruction
274,340.000000000,7.779523248,3.843442543,3.936080706,1,distributed,constraint_reconstruction
275,341.247145454,8.447576491,4.424000000,4.023576490,1,distributed,constraint_reconstruction
276,342.000000000,8.609190963,4.534295328,4.074895635,1,distributed,constraint_reconstruction
277,343.247106703,8.873120276,4.717000000,4.156120276,1,distributed,constraint_reconstruction
278,344.000000000,9.018176629,4.816799263,4.201377366,1,distributed,constraint_reconstruction
279,345.246287036,9.250341946,4.982000000,4.268341946,1,distributed,constraint_reconstruction
280,346.000000000,9.330078174,5.027963026,4.302115148,1,distributed,constraint_reconstruction
281,347.246872950,9.448715439,5.104000000,4.344715439,1,distributed,constraint_reconstruction
282,348.000000000,9.505858568,5.145799361,4.360059207,1,distributed,constraint_reconstruction
283,348.858419066,9.560000000,5.193442542,4.366557458,1,distributed,constraint_reconstruction
284,349.246834199,9.580027818,5.215000000,4.365027818,1,distributed,constraint_reconstruction
285,350.000000000,9.609932797,5.255295151,4.354637646,1,distributed,constraint_reconstruction
286,351.246795449,9.640645067,5.322000000,4.318645067,1,distributed,constraint_reconstruction
287,352.000000000,9.728262350,5.440218482,4.288043869,1,distributed,constraint_reconstruction
288,353.247381363,9.860952699,5.636000000,4.224952699,1,distributed,constraint_reconstruction
289,354.000000000,9.750066283,5.568639327,4.181426957,1,distributed,constraint_reconstruction
290,355.247342613,9.559051894,5.457000000,4.102051894,1,distributed,constraint_reconstruction
291,356.000000000,9.401466276,5.350078831,4.051387445,1,distributed,constraint_reconstruction
292,357.246522945,9.137296910,5.173000000,3.964296910,1,distributed,constraint_reconstruction
293,358.000000000,9.210910928,5.299963344,3.910947584,1,distributed,constraint_reconstruction
294,359.246484194,9.332570892,5.510000000,3.822570892,1,distributed,constraint_reconstruction
295,360.000000000,9.475441712,5.705480084,3.769961628,1,distributed,constraint_reconstruction
296,361.247070108,9.713989188,6.029000000,3.684989188,1,distributed,constraint_reconstruction
297,362.000000000,9.859952242,6.224389093,3.635563149,1,distributed,constraint_reconstruction
298,363.247031358,10.105304738,6.548000000,3.557304738,1,distributed,constraint_reconstruction
299,364.000000000,10.223257990,6.710644378,3.512613612,1,distributed,constraint_reconstruction
300,365.246992608,10.423136616,6.980000000,3.443136616,1,distributed,constraint_reconstruction
301,366.000000000,10.556948382,7.152818545,3.404129837,1,distributed,constraint_reconstruction
302,367.246953857,10.783553329,7.439000000,3.344553329,1,distributed,constraint_reconstruction
303,368.000000000,10.939259411,7.627582812,3.311676599,1,distributed,constraint_reconstruction
304,369.247539771,11.202370258,7.940000000,3.262370258,1,distributed,constraint_reconstruction
305,370.000000000,11.303307485,8.067594301,3.235713184,1,distributed,constraint_reconstruction
306,371.246720104,11.475584674,8.279000000,3.196584674,1,distributed,constraint_reconstruction
307,372.000000000,11.631913263,8.456024206,3.175889058,1,distributed,constraint_reconstruction
308,373.246681353,11.895388699,8.749000000,3.146388699,1,distributed,constraint_reconstruction
309,374.000000000,12.061463784,8.930176645,3.131287139,1,distributed,constraint_reconstruction
310,375.246642603,12.340641644,9.230000000,3.110641644,1,distributed,constraint_reconstruction
311,376.000000000,12.514757467,9.414141938,3.100615529,1,distributed,constraint_reconstruction
312,377.247228517,12.806888710,9.719000000,3.087888710,1,distributed,constraint_reconstruction
313,378.000000000,12.989547318,9.907196517,3.082350801,1,distributed,constraint_reconstruction
314,379.247189767,13.295528788,10.219000000,3.076528788,1,distributed,constraint_reconstruction
315,380.000000000,13.491829462,10.416992928,3.074836535,1,distributed,constraint_reconstruction
316,381.247151016,13.819846248,10.745000000,3.074846248,1,distributed,constraint_reconstruction
317,382.000000000,14.028837504,10.952494933,3.076342570,1,distributed,constraint_reconstruction
318,383.246331348,14.377075896,11.296000000,3.081075896,1,distributed,constraint_reconstruction
319,384.000000000,14.582260157,11.497170596,3.085089562,1,distributed,constraint_reconstruction
320,385.246917263,14.923417953,11.830000000,3.093417953,1,distributed,constraint_reconstruction
321,386.000000000,15.120155322,12.020910173,3.099245149,1,distributed,constraint_reconstruction
322,387.246878512,15.446985082,12.337000000,3.109985082,1,distributed,constraint_reconstruction
323,388.000000000,15.408866017,12.291969824,3.116896193,1,distributed,constraint_reconstruction
324,390.000000000,15.308646777,12.172387057,3.136259720,1,distributed,constraint_reconstruction
325,392.000000000,15.207687072,12.052804289,3.154882783,1,distributed,constraint_reconstruction
326,394.000000000,15.103536334,11.933221521,3.170314812,1,distributed,constraint_reconstruction
327,396.000000000,14.993442129,11.813638754,3.179803376,1,distributed,constraint_reconstruction
328,398.000000000,14.874300784,11.694055986,3.180244797,1,distributed,constraint_reconstruction
329,398.067835631,14.870040024,11.690000000,3.180040024,1,distributed,constraint_reconstruction
330,400.000000000,14.902260045,11.734166598,3.168093448,1,distributed,constraint_reconstruction
331,402.000000000,14.919488987,11.779883824,3.139605163,1,distributed,constraint_reconstruction
332,404.000000000,14.916104743,11.825601050,3.090503694,1,distributed,constraint_reconstruction
333,406.000000000,14.887641570,11.871318276,3.016323294,1,distributed,constraint_reconstruction
334,408.000000000,14.829537872,11.917035502,2.912502371,1,distributed,constraint_reconstruction
335,410.000000000,14.737373584,11.962752728,2.774620857,1,distributed,constraint_reconstruction
336,412.000000000,14.607202396,12.008469954,2.598732443,1,distributed,constraint_reconstruction
337,412.504407092,14.567892615,12.020000000,2.547892615,1,distributed,constraint_reconstruction
338,414.000000000,14.750569382,12.368962187,2.381607195,1,distributed,constraint_reconstruction
339,416.000000000,14.957688438,12.835616160,2.122072278,1,distributed,constraint_reconstruction
340,418.000000000,15.122889407,13.302270134,1.820619273,1,distributed,constraint_reconstruction
341,420.000000000,15.249788255,13.768924108,1.480864147,1,distributed,constraint_reconstruction
342,422.000000000,15.345968726,14.235578082,1.110390645,1,distributed,constraint_reconstruction
343,424.000000000,15.424069567,14.702232055,0.721837511,1,distributed,constraint_reconstruction
344,426.000000000,15.502970033,15.168886029,0.334084004,1,distributed,constraint_reconstruction
345,427.847681560,15.600000000,15.600000000,0.000000000,0,distributed,constraint_reconstruction
346,450.404690266,16.590000000,16.590000000,0.000000000,0,distributed,constraint_reconstruction
347,472.844667483,16.640000000,16.640000000,0.000000000,0,distributed,constraint_reconstruction
348,490.059449411,19.920000000,19.920000000,0.000000000,0,distributed,constraint_reconstruction
349,499.791543623,23.300000000,23.300000000,0.000000000,0,distributed,constraint_reconstruction
350,510.535566272,23.300000000,23.300000000,0.000000000,0,distributed,constraint_reconstruction
351,514.492745489,19.840000000,19.840000000,0.000000000,0,distributed,constraint_reconstruction
352,531.643604399,19.290000000,19.290000000,0.000000000,0,distributed,constraint_reconstruction
